MD5,SHA1,FileNames
"144871ef87017f10bceb7e191e332b4a","548440ce75f633d115ef49ed1c98e20961051592","C\C:\Users\User\Desktop\campfire-1\Triage\Workstation\2024-05-21T033012_triage_asset\C\Windows\prefetch\ACE2016-KB5002138-FULLFILE-X6-F6B4ABCD.pf"
"d5f5381ec7a83ece77df9369d12eed74","5ca215cf3567880d2dee9deab800c3370c37b7db","C\C:\Users\User\Desktop\campfire-1\Triage\Workstation\2024-05-21T033012_triage_asset\C\Windows\prefetch\APPLICATIONFRAMEHOST.EXE-8CE9A1EE.pf"
"6151a91e0e54e96df8f1c7b7881861af","becde554c84e077463296fb0eda2083bc98cf09d","C\C:\Users\User\Desktop\campfire-1\Triage\Workstation\2024-05-21T033012_triage_asset\C\Windows\prefetch\AUDIODG.EXE-AB22E9A6.pf"
"1e9fd21d2d8d328af20d34844413b50d","2f18df66d20d5f1e2030f87b7f24e7f6002c9770","C\C:\Users\User\Desktop\campfire-1\Triage\Workstation\2024-05-21T033012_triage_asset\C\Windows\prefetch\BACKGROUNDTASKHOST.EXE-F8B2DD01.pf"
"378b3d2b0fc2110ac239e1be28c58cfd","c8a0ba5241dd20a0955c42a61bf3246c0513ee9a","C\C:\Users\User\Desktop\campfire-1\Triage\Workstation\2024-05-21T033012_triage_asset\C\Windows\prefetch\CMD.EXE-0BD30981.pf"
"d4f52be6d8afd1c6d86d003287712924","06aff08f8a8d7d0e07f0d8cec934e0de621d9f7f","C\C:\Users\User\Desktop\campfire-1\Triage\Workstation\2024-05-21T033012_triage_asset\C\Windows\prefetch\COMPATTELRUNNER.EXE-B7A68ECC.pf"
"29501cb5c4e8884d4ce27f752d46f1db","df9ae22655a6f6c03484bde2385e66bc1da6565d","C\C:\Users\User\Desktop\campfire-1\Triage\Workstation\2024-05-21T033012_triage_asset\C\Windows\prefetch\CONHOST.EXE-0C6456FB.pf"
"056163cdf6a866bc023500d19230e123","ee4240e741a272af9bad21e9fa9a16759d717913","C\C:\Users\User\Desktop\campfire-1\Triage\Workstation\2024-05-21T033012_triage_asset\C\Windows\prefetch\CONSENT.EXE-40419367.pf"
"f3bc920a8c5374a01192fffcfa765a04","29ebf0b1bd12c6f653807216c505266dc76d3c9c","C\C:\Users\User\Desktop\campfire-1\Triage\Workstation\2024-05-21T033012_triage_asset\C\Windows\prefetch\CTFMON.EXE-795F8130.pf"
"936459633003dda305f6e4d6bf5bd152","657568710da6bf1e1f3abe5e0827b11454b8263b","C\C:\Users\User\Desktop\campfire-1\Triage\Workstation\2024-05-21T033012_triage_asset\C\Windows\prefetch\DEFRAG.EXE-3D9E8D72.pf"
"a693706e4abb036e75443026a196e81f","41176679678a5076b01c0de156f2b22384394e9a","C\C:\Users\User\Desktop\campfire-1\Triage\Workstation\2024-05-21T033012_triage_asset\C\Windows\prefetch\DLLHOST.EXE-077D6084.pf"
"e5e89c1dff8aa3dc28832551f1cccf14","4d5a67d198d7ab19e6807a06b2eed6e0fd0180ff","C\C:\Users\User\Desktop\campfire-1\Triage\Workstation\2024-05-21T033012_triage_asset\C\Windows\prefetch\DLLHOST.EXE-1BAE06BB.pf"
"caead0ad7c7864443e8f6f704477a1b1","9c7078a015467e932bd2fbaa0d4c9d3b00a8c53b","C\C:\Users\User\Desktop\campfire-1\Triage\Workstation\2024-05-21T033012_triage_asset\C\Windows\prefetch\DLLHOST.EXE-47BE07DC.pf"
"5f03bd2ec32de501d2075dcb6854c5b5","cc985c7dc838b8959f1d50ee873718e15c985f6e","C\C:\Users\User\Desktop\campfire-1\Triage\Workstation\2024-05-21T033012_triage_asset\C\Windows\prefetch\DLLHOST.EXE-6F625E57.pf"
"71d15fcfeb609a8ed13ce528298172a0","73bd88fa6d509fbd8d9938f3df54965c004a4e54","C\C:\Users\User\Desktop\campfire-1\Triage\Workstation\2024-05-21T033012_triage_asset\C\Windows\prefetch\DLLHOST.EXE-7617EDA2.pf"
"dfacde7a667925d4f42d1deea6ed8352","12d83590c8691dfa39498dbfcd3a90f205ef1b16","C\C:\Users\User\Desktop\campfire-1\Triage\Workstation\2024-05-21T033012_triage_asset\C\Windows\prefetch\DLLHOST.EXE-7D5CE0CA.pf"
"ba8b8c4a35b722a3cb203c75ef934317","06645be907972f3184ab504d96a2180e81d47f1f","C\C:\Users\User\Desktop\campfire-1\Triage\Workstation\2024-05-21T033012_triage_asset\C\Windows\prefetch\DLLHOST.EXE-810B6BBE.pf"
"a5dc5e6b87d6ca7a43b92183f2291f66","cd9a1acae1e5f2910164c850d95d6fb94093c01c","C\C:\Users\User\Desktop\campfire-1\Triage\Workstation\2024-05-21T033012_triage_asset\C\Windows\prefetch\DLLHOST.EXE-8EE3ADE8.pf"
"a2506c0b7a31f66286f0af5b0369523f","92dda9242a59cb777483a189955ad4925df8ec49","C\C:\Users\User\Desktop\campfire-1\Triage\Workstation\2024-05-21T033012_triage_asset\C\Windows\prefetch\DLLHOST.EXE-F144D205.pf"
"4b0bb53d46cf73402b3dfa3b0d8984c6","bfe9d669a92771b86fd82d32225840e905f0a9af","C\C:\Users\User\Desktop\campfire-1\Triage\Workstation\2024-05-21T033012_triage_asset\C\Windows\prefetch\DLLHOST.EXE-F7FC6593.pf"
"a244eec11304fc07e875eccf52846384","75d0024585cc78b26165e2eabe1681c25c34fbd3","C\C:\Users\User\Desktop\campfire-1\Triage\Workstation\2024-05-21T033012_triage_asset\C\Windows\prefetch\DWM.EXE-314E93C5.pf"
"dcebfe72a52961b2036b2913a8410ae1","5876f4c211fa6f7438a08367a386f801d8afa64b","C\C:\Users\User\Desktop\campfire-1\Triage\Workstation\2024-05-21T033012_triage_asset\C\Windows\prefetch\ELEVATION_SERVICE.EXE-479FE2CB.pf"
"c52c1e188f095b9a4fc1e907e452d92f","548110a210e4a3681dfd769b2dde215b782560df","C\C:\Users\User\Desktop\campfire-1\Triage\Workstation\2024-05-21T033012_triage_asset\C\Windows\prefetch\EXCEL.EXE-FE860005.pf"
"0806f3d182b57e11b971b6c10db5e59f","c5cfdd75fc666159d46ce56ac045670a17f59f53","C\C:\Users\User\Desktop\campfire-1\Triage\Workstation\2024-05-21T033012_triage_asset\C\Windows\prefetch\FILECOAUTH.EXE-7425F22E.pf"
"036f66baf16a0384e371714bb0c7e26d","5a145c16b4e75af35e3c6b7a11fe1a833decdfd2","C\C:\Users\User\Desktop\campfire-1\Triage\Workstation\2024-05-21T033012_triage_asset\C\Windows\prefetch\FILECOAUTH.EXE-771244B7.pf"
"684023871d2aa03dc2301a7c7de54785","18110398b42ddf2c09e6a1c97cbc601fad1881ca","C\C:\Users\User\Desktop\campfire-1\Triage\Workstation\2024-05-21T033012_triage_asset\C\Windows\prefetch\FILECOAUTH.EXE-88F71F64.pf"
"f1bb2c80216126a381028fdf1c356ca0","7a181609d4082e1dc071ef40d4873bbcb81e3d37","C\C:\Users\User\Desktop\campfire-1\Triage\Workstation\2024-05-21T033012_triage_asset\C\Windows\prefetch\FILESYNCCONFIG.EXE-1C1104B5.pf"
"617b8b51e99dc49861d7ee333abeebc7","f578e7342d46941ec7f12829a7bf0cac7a387070","C\C:\Users\User\Desktop\campfire-1\Triage\Workstation\2024-05-21T033012_triage_asset\C\Windows\prefetch\FILESYNCCONFIG.EXE-C1CD6527.pf"
"5f89acf838b7fe169790682c6d5a198e","669a9b6e8ec7af0172c6d78e30dd783558704967","C\C:\Users\User\Desktop\campfire-1\Triage\Workstation\2024-05-21T033012_triage_asset\C\Windows\prefetch\FIREFOX INSTALLER.EXE-13A26B52.pf"
"0c2f6e852bcbb8ad84b3a4e3e6a21265","60ce9105262b1ba5efaa0b54a7dccf10a77d0bf9","C\C:\Users\User\Desktop\campfire-1\Triage\Workstation\2024-05-21T033012_triage_asset\C\Windows\prefetch\GITHUBDESKTOP.EXE-CD0DF2E0.pf"
"001241a7670bed121102d079fbde35da","ca4a6cf8690a86024087b6c72be6515ced3df393","C\C:\Users\User\Desktop\campfire-1\Triage\Workstation\2024-05-21T033012_triage_asset\C\Windows\prefetch\GPUPDATE.EXE-7EBA4B6F.pf"
"9183f74468530ce608beb2fe6ab0a610","3caba7487fbb605a153b0de16c069e874d25e83d","C\C:\Users\User\Desktop\campfire-1\Triage\Workstation\2024-05-21T033012_triage_asset\C\Windows\prefetch\GUP.EXE-226DCAE9.pf"
"998cdac05e14d051e60ef31e8ed31d88","668f4721cc4d621d5229839381839daec7c1b585","C\C:\Users\User\Desktop\campfire-1\Triage\Workstation\2024-05-21T033012_triage_asset\C\Windows\prefetch\IDENTITY_HELPER.EXE-12341E99.pf"
"7b8cd5265bbd72c99448ddfdf2ab9343","5750dde691ea50da8572635b0078cd53d88f14e9","C\C:\Users\User\Desktop\campfire-1\Triage\Workstation\2024-05-21T033012_triage_asset\C\Windows\prefetch\IDENTITY_HELPER.EXE-4E2A63C3.pf"
"e46e1fdcb278096d83d9590d3b082c9a","d0b7e7a0f7177985ea83e06225c50785bdf1834d","C\C:\Users\User\Desktop\campfire-1\Triage\Workstation\2024-05-21T033012_triage_asset\C\Windows\prefetch\KMS_VL_ALL_AIO.EXE-DEC1136B.pf"
"fb79d7935faddf20e0c2322b5f8082af","8910df217f99dfe0e355c2ffa3449da8af85213d","C\C:\Users\User\Desktop\campfire-1\Triage\Workstation\2024-05-21T033012_triage_asset\C\Windows\prefetch\LOCKAPP.EXE-ACD69F07.pf"
"2619e07e2851a1873d6dfa93dd99511e","e19cdaea3af12d3f5ec6f3b2f6a1c7233703c5f3","C\C:\Users\User\Desktop\campfire-1\Triage\Workstation\2024-05-21T033012_triage_asset\C\Windows\prefetch\LOGONUI.EXE-F639BD7E.pf"
"41e95ff0da0436b649f91f4e13081a73","ac11e6ce29269b7c72e8f36475971906595951b9","C\C:\Users\User\Desktop\campfire-1\Triage\Workstation\2024-05-21T033012_triage_asset\C\Windows\prefetch\MICROSOFT OFFICE 2021 PRO PLU-A4822CF7.pf"
"071e3603be85fdd4ffedee71984a5e66","d2e752e06724da14612676b2add5c76bce167951","C\C:\Users\User\Desktop\campfire-1\Triage\Workstation\2024-05-21T033012_triage_asset\C\Windows\prefetch\MICROSOFT.SHAREPOINT.EXE-EC13D0C5.pf"
"35bffaaae9f01466206fec79e2e32721","ec85e11cc1938c54e28de0fe84ec266c4239ff15","C\C:\Users\User\Desktop\campfire-1\Triage\Workstation\2024-05-21T033012_triage_asset\C\Windows\prefetch\MICROSOFT.SHAREPOINT.EXE-EECBA9B3.pf"
"3c678627a86269cf9fd1de153cf50127","ad869fffe5cc2299cc379debd44ef5c7a4881ca9","C\C:\Users\User\Desktop\campfire-1\Triage\Workstation\2024-05-21T033012_triage_asset\C\Windows\prefetch\MICROSOFTEDGEUPDATE.EXE-71600A40.pf"
"0d47a9ab4188f7759657a241c917a39a","ad8bc7a56a308e331a9984e51e0b8938806b3014","C\C:\Users\User\Desktop\campfire-1\Triage\Workstation\2024-05-21T033012_triage_asset\C\Windows\prefetch\MICROSOFTEDGEUPDATE.EXE-7A595326.pf"
"9a7adacea4bac306e638f4c46e816a6f","96fbbd8d34216e00994ba2b2fb9172eaa0317351","C\C:\Users\User\Desktop\campfire-1\Triage\Workstation\2024-05-21T033012_triage_asset\C\Windows\prefetch\MICROSOFTEDGEUPDATESETUP_X86_-D9400B82.pf"
"aeb93ee2bcdb3536360424dc01456f2f","253772645ef7198899b9bf7c958bdca0fb72674c","C\C:\Users\User\Desktop\campfire-1\Triage\Workstation\2024-05-21T033012_triage_asset\C\Windows\prefetch\MICROSOFTEDGE_X64_124.0.2478.-8B2A5085.pf"
"d86daaf36343a703e29d5f2b40beabe3","57250cd0519b6b220dbf7d46816cf6e679606302","C\C:\Users\User\Desktop\campfire-1\Triage\Workstation\2024-05-21T033012_triage_asset\C\Windows\prefetch\MICROSOFTEDGE_X64_124.0.2478.-D08ACD7F.pf"
"b745cb4133cbee0a1eef5ac3dfd5a6c9","17e056f9d84bc9f5080b201701abfdf5b483a4d6","C\C:\Users\User\Desktop\campfire-1\Triage\Workstation\2024-05-21T033012_triage_asset\C\Windows\prefetch\MICROSOFTEDGE_X64_125.0.2535.-136BADA2.pf"
"ed305bd70548a77c5c9be9ac6186e209","163b37bd99dcd53f7abeb6df36807aef04c889f9","C\C:\Users\User\Desktop\campfire-1\Triage\Workstation\2024-05-21T033012_triage_asset\C\Windows\prefetch\MMC.EXE-1EE19326.pf"
"e958446d1bcc038d66eb9d040c157226","57e6f1035149001622544c59d46ce3817871e78c","C\C:\Users\User\Desktop\campfire-1\Triage\Workstation\2024-05-21T033012_triage_asset\C\Windows\prefetch\MMC.EXE-3CD6519F.pf"
"188975cac7750153142e75a55586710a","724bc0b3bb74cffdb003ada4af8ab993d71cd82e","C\C:\Users\User\Desktop\campfire-1\Triage\Workstation\2024-05-21T033012_triage_asset\C\Windows\prefetch\MMC.EXE-8F0FB2DD.pf"
"d5e76a106e0d1a8cc67178db06730f50","004c7bcc94d867079b7589f4d7528809fd91af2d","C\C:\Users\User\Desktop\campfire-1\Triage\Workstation\2024-05-21T033012_triage_asset\C\Windows\prefetch\MMC.EXE-9132A9C0.pf"
"512f3d80f01b7488a822bec41039ed4d","3626b052d2aae5f879f5d55fa6fcfc80603065f1","C\C:\Users\User\Desktop\campfire-1\Triage\Workstation\2024-05-21T033012_triage_asset\C\Windows\prefetch\MMC.EXE-F964DB0C.pf"
"e994b8aa8f71c4dfb09494660bd2fae4","59fc3cbb358f37b7a5dd5e11be3733342f12fe33","C\C:\Users\User\Desktop\campfire-1\Triage\Workstation\2024-05-21T033012_triage_asset\C\Windows\prefetch\MOBSYNC.EXE-B307E1CC.pf"
"72d08ef63b8828e8724670f372ab4cd5","1ace2de0cabb3ce02cc3f3723c6e61f670923cd9","C\C:\Users\User\Desktop\campfire-1\Triage\Workstation\2024-05-21T033012_triage_asset\C\Windows\prefetch\MOFCOMP.EXE-5225C32D.pf"
"e69abb9d0ea2d6c4f26e00651f5e824b","626a973441b9e1d6e448a18509324beaae56ef85","C\C:\Users\User\Desktop\campfire-1\Triage\Workstation\2024-05-21T033012_triage_asset\C\Windows\prefetch\MOUSOCOREWORKER.EXE-4429AC2B.pf"
"3239cc4eb742302760cd03b20f139c75","c97b642a0e8ca8f44026e2311c4c5278e910a830","C\C:\Users\User\Desktop\campfire-1\Triage\Workstation\2024-05-21T033012_triage_asset\C\Windows\prefetch\MPCMDRUN.EXE-0D65F9B9.pf"
"08749e713d1d68035e31084f89016fb5","1f9d087825c2b34267aeb8b8529439da563ce4e7","C\C:\Users\User\Desktop\campfire-1\Triage\Workstation\2024-05-21T033012_triage_asset\C\Windows\prefetch\MPCMDRUN.EXE-8EF8E35F.pf"
"87da4516af4bb817f9331d5cde353bba","c3825510bf32ed53cd15822b81934ce1a2270488","C\C:\Users\User\Desktop\campfire-1\Triage\Workstation\2024-05-21T033012_triage_asset\C\Windows\prefetch\MPRECOVERY.EXE-4022B70F.pf"
"b58bf2038b75a2893234ad0b0b37418b","1c88ce7daef0a400397720c123be7296ce5bce94","C\C:\Users\User\Desktop\campfire-1\Triage\Workstation\2024-05-21T033012_triage_asset\C\Windows\prefetch\MPSIGSTUB.EXE-910CFE09.pf"
"113ea74d0e58d11c5d0c474f270775e3","7c40eea2b80537a5e7143ff60fe03241bcc5ad82","C\C:\Users\User\Desktop\campfire-1\Triage\Workstation\2024-05-21T033012_triage_asset\C\Windows\prefetch\MSCORSVW.EXE-16B291C4.pf"
"bfb7b08e84a0db0b485bffe2a675b47f","e1891f465c3f16ee9d6e9cb3719380f7de9ca62a","C\C:\Users\User\Desktop\campfire-1\Triage\Workstation\2024-05-21T033012_triage_asset\C\Windows\prefetch\MSCORSVW.EXE-8CE1A322.pf"
"bd38e1101975a4f8e30f7f06dad59774","b39533cbddc289cbd087e77ec31530d09bcbb94c","C\C:\Users\User\Desktop\campfire-1\Triage\Workstation\2024-05-21T033012_triage_asset\C\Windows\prefetch\MSDT.EXE-D579957D.pf"
"1553cba63fd8c2f63bbbb29aaeeeb6e9","6b318f81f2ac13106c0f0d85f41a299c6d41235c","C\C:\Users\User\Desktop\campfire-1\Triage\Workstation\2024-05-21T033012_triage_asset\C\Windows\prefetch\MSEDGE.EXE-37D25F9A.pf"
"a8e213f2f16a26cb6141517417ecc1fc","24661eb02ce037fa90f545ff461669ba951ef9dc","C\C:\Users\User\Desktop\campfire-1\Triage\Workstation\2024-05-21T033012_triage_asset\C\Windows\prefetch\MSEDGE.EXE-37D25F9B.pf"
"f2cf4def702361e32db8915817efa549","0fe5e9d347a381ba1d8d5253270918b346a3ee84","C\C:\Users\User\Desktop\campfire-1\Triage\Workstation\2024-05-21T033012_triage_asset\C\Windows\prefetch\MSEDGE.EXE-37D25F9C.pf"
"2c6c428d08d7ccef7bafc5f6c1bf0888","d74a1facef4646205eb276908976f0a7b070c426","C\C:\Users\User\Desktop\campfire-1\Triage\Workstation\2024-05-21T033012_triage_asset\C\Windows\prefetch\MSEDGE.EXE-37D25F9D.pf"
"b95fc025207a06fbbcad3e42fc2fb2cf","8d275e413ab7f89a834ca47bf92ab67f77bee6dc","C\C:\Users\User\Desktop\campfire-1\Triage\Workstation\2024-05-21T033012_triage_asset\C\Windows\prefetch\MSEDGE.EXE-37D25F9E.pf"
"6d42312a145cfbc5d094684b258c3d41","34364ec9a5e1bf70bc1f02e305b649a1a0f9aa86","C\C:\Users\User\Desktop\campfire-1\Triage\Workstation\2024-05-21T033012_triage_asset\C\Windows\prefetch\MSEDGE.EXE-37D25FA2.pf"
"3ee301f1f1eedef3a5a283c470b47159","88b1e66b11ffac2d892812662d7915457cbbee29","C\C:\Users\User\Desktop\campfire-1\Triage\Workstation\2024-05-21T033012_triage_asset\C\Windows\prefetch\MSIEXEC.EXE-8FFB1633.pf"
"fc198003bad07c03132b6a036b86ada5","de05e7e8a7e5c263c47c3624cecd619fad326924","C\C:\Users\User\Desktop\campfire-1\Triage\Workstation\2024-05-21T033012_triage_asset\C\Windows\prefetch\MSIEXEC.EXE-CDBFC0F7.pf"
"e8a0e1090dd5218010ed2c490fa9f438","95c2a8be77059804186b2209f95a1dbc235b0088","C\C:\Users\User\Desktop\campfire-1\Triage\Workstation\2024-05-21T033012_triage_asset\C\Windows\prefetch\MSINFO32.EXE-C3C668DA.pf"
"0d1123f1e8d7400821768b4f93b507a5","ab5a0cdee58db75fe8583b259491a76910b58fbe","C\C:\Users\User\Desktop\campfire-1\Triage\Workstation\2024-05-21T033012_triage_asset\C\Windows\prefetch\MSMPENG.EXE-68B3170C.pf"
"26afdba023cd5466e1bfe41336d5b28a","3f33847d767bde3defcca21a662053d0004c6d69","C\C:\Users\User\Desktop\campfire-1\Triage\Workstation\2024-05-21T033012_triage_asset\C\Windows\prefetch\MSMPENG.EXE-78AA5B62.pf"
"c616fa9c59b4a0e2e6aaf553de4f220b","df39fb96faac96ee4f82f7cdcd11cee8c757e940","C\C:\Users\User\Desktop\campfire-1\Triage\Workstation\2024-05-21T033012_triage_asset\C\Windows\prefetch\MSPAINT.EXE-6406C4A1.pf"
"cc7aa2cae6a805831bf4d70838d1a7ef","1140d6856a1e6e4af7829891e6884a1f56186dc8","C\C:\Users\User\Desktop\campfire-1\Triage\Workstation\2024-05-21T033012_triage_asset\C\Windows\prefetch\NGEN.EXE-4A8DA13E.pf"
"25b7901651470b16d27a078341e97868","58f0a93c803ea36120a48abd7e601b1d98798145","C\C:\Users\User\Desktop\campfire-1\Triage\Workstation\2024-05-21T033012_triage_asset\C\Windows\prefetch\NGEN.EXE-734C6620.pf"
"8471126a2ac624ca5aa32426fc3a84b8","7fe09da26f2556be865e1cd8d9b066904b707cf7","C\C:\Users\User\Desktop\campfire-1\Triage\Workstation\2024-05-21T033012_triage_asset\C\Windows\prefetch\NGENTASK.EXE-0E6CEC17.pf"
"634a88cf4618e3c8f1ddf7e2de872e9c","6b9663ea99e29635cc6ec353cf3736259a06b610","C\C:\Users\User\Desktop\campfire-1\Triage\Workstation\2024-05-21T033012_triage_asset\C\Windows\prefetch\NGENTASK.EXE-849BFD75.pf"
"9dee69b116c9864e29f333de3edf7d51","c8492e8f2c406d96e266691bda2cfea262dd8d20","C\C:\Users\User\Desktop\campfire-1\Triage\Workstation\2024-05-21T033012_triage_asset\C\Windows\prefetch\NOTEPAD++.EXE-3F73AA45.pf"
"0de307d556e67dcf8930d7d556990851","0f29ecd7cb8c9e7793bd78b429cf138a264e00d6","C\C:\Users\User\Desktop\campfire-1\Triage\Workstation\2024-05-21T033012_triage_asset\C\Windows\prefetch\NOTEPAD.EXE-C5670914.pf"
"8471526b0366239af0deedaa8c8b7d1b","1712b5465e96d9c99197663677d7d59f0f7cb85d","C\C:\Users\User\Desktop\campfire-1\Triage\Workstation\2024-05-21T033012_triage_asset\C\Windows\prefetch\OBS-STUDIO-28.1.2-FULL-INSTAL-26510194.pf"
"e88dbbb6e61d70c1148c184564515add","146fbdc74a5b61bc7848ecc72162932a93b96a53","C\C:\Users\User\Desktop\campfire-1\Triage\Workstation\2024-05-21T033012_triage_asset\C\Windows\prefetch\OBS-STUDIO-28.1.2-FULL-INSTAL-B2FCD437.pf"
"dbfe2ef0e82fa566011ea08a37a7deb2","affc98c4ce4eb577757e4fd5bb282ff4c8f66247","C\C:\Users\User\Desktop\campfire-1\Triage\Workstation\2024-05-21T033012_triage_asset\C\Windows\prefetch\OBS64.EXE-FC4D8EA8.pf"
"3f2ff2a55b7b32188ff76860a478574e","faeecf171e83b56f48e90135f62a7cceff867078","C\C:\Users\User\Desktop\campfire-1\Triage\Workstation\2024-05-21T033012_triage_asset\C\Windows\prefetch\OFFICEC2RCLIENT.EXE-6DB2EFE8.pf"
"39de35382858709d5a759b6225443923","f1242f1000ab1cee586a477ae1dad7c8e502b590","C\C:\Users\User\Desktop\campfire-1\Triage\Workstation\2024-05-21T033012_triage_asset\C\Windows\prefetch\OFFICECLICKTORUN.EXE-F5CCE208.pf"
"c31848f3030320eb9becfbf403081cab","43780a9570af4ca663d787e02b15c1ce72155335","C\C:\Users\User\Desktop\campfire-1\Triage\Workstation\2024-05-21T033012_triage_asset\C\Windows\prefetch\ONEDRIVE.EXE-05361D4F.pf"
"867fe61e7846961841088b112bbf7ac0","9226ade799bd657177b60c1f0c65f6fd01347fde","C\C:\Users\User\Desktop\campfire-1\Triage\Workstation\2024-05-21T033012_triage_asset\C\Windows\prefetch\ONEDRIVE.EXE-191F0739.pf"
"19ec8c67ec82b2175d90a34dfe265c68","c456b6b20ce2e0d74cdc7402bfbeee4f61a2197f","C\C:\Users\User\Desktop\campfire-1\Triage\Workstation\2024-05-21T033012_triage_asset\C\Windows\prefetch\ONEDRIVE.EXE-267427AE.pf"
"09e1502db7a8e12bf50feadf35c850df","023ada0cded6ae98410f6710eb563c2a7e34de6b","C\C:\Users\User\Desktop\campfire-1\Triage\Workstation\2024-05-21T033012_triage_asset\C\Windows\prefetch\ONEDRIVE.EXE-B657FF91.pf"
"2d4a7eec8573d51fe64d0444ac4b0e98","6b958dc8adb0cf863a6059eddf5198dfc5af8db8","C\C:\Users\User\Desktop\campfire-1\Triage\Workstation\2024-05-21T033012_triage_asset\C\Windows\prefetch\ONEDRIVESETUP.EXE-11497479.pf"
"3af517c1a083a1204161c724ac541bf4","b0c1d5e8e6041c280e070594652dd60d7c35d64f","C\C:\Users\User\Desktop\campfire-1\Triage\Workstation\2024-05-21T033012_triage_asset\C\Windows\prefetch\Op-EXPLORER.EXE-D5E97654-000000F5.pf"
"5d154ed03cd7aeb362951d6543c0e79a","ce4a609ec7f73d2ef8056a2de1d710ba88980fc6","C\C:\Users\User\Desktop\campfire-1\Triage\Workstation\2024-05-21T033012_triage_asset\C\Windows\prefetch\Op-MSEDGE.EXE-37D25F9A-00000001.pf"
"58d66bc8731f75bf19390a31f95cc777","e3d77156b46982e9ebbb7b834d1fa56642879040","C\C:\Users\User\Desktop\campfire-1\Triage\Workstation\2024-05-21T033012_triage_asset\C\Windows\prefetch\OPENWITH.EXE-8B50D58B.pf"
"8a852a780573a36f9675b28371af9e6c","bbdbdb1675a64594a510bcaca9401f8979507de3","C\C:\Users\User\Desktop\campfire-1\Triage\Workstation\2024-05-21T033012_triage_asset\C\Windows\prefetch\PHPSTORM-2023.1.1.EXE-21B32079.pf"
"f9bdb7130c047b19d716254e207a2104","61d1fa61903ee4b7aa2ff38415b3fa8d82e16ee0","C\C:\Users\User\Desktop\campfire-1\Triage\Workstation\2024-05-21T033012_triage_asset\C\Windows\prefetch\POWERPNT.EXE-7A8D1F9B.pf"
"8e226aab64c9af1c4381b477e4644219","2f2de799a4900a6f0d001ae1f2ce55b2044a0dc6","C\C:\Users\User\Desktop\campfire-1\Triage\Workstation\2024-05-21T033012_triage_asset\C\Windows\prefetch\POWERSHELL.EXE-CA1AE517.pf"
"c85f89c09c2d57919fcc25bb9581316b","46b4667e7f59f9db800861da48faea2940a6ab0d","C\C:\Users\User\Desktop\campfire-1\Triage\Workstation\2024-05-21T033012_triage_asset\C\Windows\prefetch\POWERSHELL_ISE.EXE-C4180667.pf"
"4218ebd73a5081d61c20a95d8d091adc","d88e5e9310a2162689b055f496ecb1c7a6e2ecd3","C\C:\Users\User\Desktop\campfire-1\Triage\Workstation\2024-05-21T033012_triage_asset\C\Windows\prefetch\PSEXEC64.EXE-BE2659AF.pf"
"99e86ce4a5a84f9b27c5ab9ce9a3002a","5cc2bf80afefb5107781a70502ab21999c4da51a","C\C:\Users\User\Desktop\campfire-1\Triage\Workstation\2024-05-21T033012_triage_asset\C\Windows\prefetch\REGEDIT.EXE-DAB4D60B.pf"
"d5baf44db3006e99ce4a7dbbb8e37842","564803f76d1b5f6526488d7cf1e29694dbdd82f3","C\C:\Users\User\Desktop\campfire-1\Triage\Workstation\2024-05-21T033012_triage_asset\C\Windows\prefetch\RUBEUS.EXE-5873E24B.pf"
"1a08d840cb77f7cc1b671554c3f27648","f748bc2e8f7b6fa8fbca21b0a55f10c767b08244","C\C:\Users\User\Desktop\campfire-1\Triage\Workstation\2024-05-21T033012_triage_asset\C\Windows\prefetch\RUNDLL32.EXE-1C52D230.pf"
"62611e0883c8f92fa935abae3f32fce6","aaa8d1fd1905e7b4df498fecd70ab8466311bbd3","C\C:\Users\User\Desktop\campfire-1\Triage\Workstation\2024-05-21T033012_triage_asset\C\Windows\prefetch\RUNDLL32.EXE-27E52A2D.pf"
"4786c8d0f399b2d473e0490c764629ad","8cb986ef03585fa012e9c89319954a5901f61f21","C\C:\Users\User\Desktop\campfire-1\Triage\Workstation\2024-05-21T033012_triage_asset\C\Windows\prefetch\RUNDLL32.EXE-41CF339D.pf"
"5cfd1bc742aa6ad791b313cf0f0d28a7","eb7879a79ae97e32d69b33abbf3e1dd8c9444d99","C\C:\Users\User\Desktop\campfire-1\Triage\Workstation\2024-05-21T033012_triage_asset\C\Windows\prefetch\RUNDLL32.EXE-75313621.pf"
"94240474c01933ed259450e635e9973f","b8f5171102c9b8e6eba77612667d42b1470263d9","C\C:\Users\User\Desktop\campfire-1\Triage\Workstation\2024-05-21T033012_triage_asset\C\Windows\prefetch\RUNDLL32.EXE-C0159C27.pf"
"28165b11db6e6946959526d5772b3ea6","ad81b2bdf6c9e5d797ca4c41d46065777d21af43","C\C:\Users\User\Desktop\campfire-1\Triage\Workstation\2024-05-21T033012_triage_asset\C\Windows\prefetch\RUNONCE.EXE-FB4EF753.pf"
"5721de8898fdea0c8ffd57c1c60619db","b389459163acb5c8d4a6f4cd8ddf6af281b877f5","C\C:\Users\User\Desktop\campfire-1\Triage\Workstation\2024-05-21T033012_triage_asset\C\Windows\prefetch\RUNTIMEBROKER.EXE-0489BEEA.pf"
"f4804712a01ba4e8f11b4f22f5ee395e","2b34d69e614f5ee9c2a9987baa54a0e6a4c6458a","C\C:\Users\User\Desktop\campfire-1\Triage\Workstation\2024-05-21T033012_triage_asset\C\Windows\prefetch\RUNTIMEBROKER.EXE-4551A062.pf"
"e3af400b6edeacf1e393d84b364e5d16","a05b2d55a8f3028d06bfb2245f451923de5599e7","C\C:\Users\User\Desktop\campfire-1\Triage\Workstation\2024-05-21T033012_triage_asset\C\Windows\prefetch\RUNTIMEBROKER.EXE-5A3B22F7.pf"
"308a6e2eaac91e7f2975b79d30bca5ef","f255c2dd4974a62cc24456937464ae2244fbd41f","C\C:\Users\User\Desktop\campfire-1\Triage\Workstation\2024-05-21T033012_triage_asset\C\Windows\prefetch\RUNTIMEBROKER.EXE-68C55521.pf"
"58ddc75a3f904bc9294b46322e6894ae","dfbd27b7d16e35567feef2303adcbf1deca66f52","C\C:\Users\User\Desktop\campfire-1\Triage\Workstation\2024-05-21T033012_triage_asset\C\Windows\prefetch\RUNTIMEBROKER.EXE-6B016F92.pf"
"8b11b9d36fb41782e89aa25de1810f72","a8affb2bd005818429b0620a51e211012c675931","C\C:\Users\User\Desktop\campfire-1\Triage\Workstation\2024-05-21T033012_triage_asset\C\Windows\prefetch\RUNTIMEBROKER.EXE-AC4D2D35.pf"
"5758e916f4dd5d4e2ac71835396e1199","6a7c3ca5015656a528e4c44cf58ce8d74dfe2995","C\C:\Users\User\Desktop\campfire-1\Triage\Workstation\2024-05-21T033012_triage_asset\C\Windows\prefetch\SCHTASKS.EXE-DC1676CD.pf"
"2b6d908a3b39996043dd8559e999a145","bbe9d6b8159d473e049a13e6737a37417ee064f2","C\C:\Users\User\Desktop\campfire-1\Triage\Workstation\2024-05-21T033012_triage_asset\C\Windows\prefetch\SEARCHAPP.EXE-0848CA88.pf"
"e6fbddd67244077cbeb3065b30bd5ebe","c00fd1b7774d945605a3bcff9b135e9a825098d1","C\C:\Users\User\Desktop\campfire-1\Triage\Workstation\2024-05-21T033012_triage_asset\C\Windows\prefetch\SEARCHAPP.EXE-52924D3F.pf"
"d1cba81aade7c6b8bda818572b9fa1e7","ececeac72a9dee27b38c59da0bb99a09c6551d60","C\C:\Users\User\Desktop\campfire-1\Triage\Workstation\2024-05-21T033012_triage_asset\C\Windows\prefetch\SEARCHAPP.EXE-86067E5D.pf"
"eea792d0e9fc0a47c52a30eb8be7fe3b","ef13a3db1471709cf9fe4f15f593755a134a575a","C\C:\Users\User\Desktop\campfire-1\Triage\Workstation\2024-05-21T033012_triage_asset\C\Windows\prefetch\SEARCHAPP.EXE-D91D826A.pf"
"fb7f4f60ae472e98b34eb1f61b52f22c","15a17cb6b5c76cbf620b60914d4bcc4534612ff8","C\C:\Users\User\Desktop\campfire-1\Triage\Workstation\2024-05-21T033012_triage_asset\C\Windows\prefetch\SEARCHAPP.EXE-F2D79AF9.pf"
"cb84dcb4383ea131e6d74fd3fbe8f1c4","a81818d32a1ba1da586f97748937b1c8acb7f313","C\C:\Users\User\Desktop\campfire-1\Triage\Workstation\2024-05-21T033012_triage_asset\C\Windows\prefetch\SEARCHFILTERHOST.EXE-44162447.pf"
"59c6baa8aaa288c74036140843dfd50f","39cd5d6636135743fa1ba4d25f05a68c23a872a4","C\C:\Users\User\Desktop\campfire-1\Triage\Workstation\2024-05-21T033012_triage_asset\C\Windows\prefetch\SEARCHPROTOCOLHOST.EXE-69C456C3.pf"
"ebac4673d8afd0ef050dca0b9af93a79","6291adf2f5265c1a8bd418c9575b532be4966561","C\C:\Users\User\Desktop\campfire-1\Triage\Workstation\2024-05-21T033012_triage_asset\C\Windows\prefetch\SECHEALTHUI.EXE-FAB65C18.pf"
"937b0274773515f302b74727cb6be844","7af68f9977b5b73a3c553bb6c896ec72f2be7ff3","C\C:\Users\User\Desktop\campfire-1\Triage\Workstation\2024-05-21T033012_triage_asset\C\Windows\prefetch\SECURITYHEALTHHOST.EXE-06344EE9.pf"
"d977b2dd80f49da11bd251fd999213dd","f6ec7773726ca19b14da2c5708a82fb4f2519a15","C\C:\Users\User\Desktop\campfire-1\Triage\Workstation\2024-05-21T033012_triage_asset\C\Windows\prefetch\SECURITYHEALTHSERVICE.EXE-91B5FB98.pf"
"1df74c82971674aeff59f23f3ff90211","dea4f26486e1651fe234acaac227c032d7c5a134","C\C:\Users\User\Desktop\campfire-1\Triage\Workstation\2024-05-21T033012_triage_asset\C\Windows\prefetch\SECURITYHEALTHSYSTRAY.EXE-E527A4AE.pf"
"22868af8bb733da565a2d15852a0a160","1aaf30a50cda52a9494adbf78a4afd696692cc95","C\C:\Users\User\Desktop\campfire-1\Triage\Workstation\2024-05-21T033012_triage_asset\C\Windows\prefetch\SETUP-STUB.EXE-BC55E5D8.pf"
"9bb2bf5bd79324625c6b6ed95ce0823a","89f11f900e9166c124e49e3ffa8931461bfb2222","C\C:\Users\User\Desktop\campfire-1\Triage\Workstation\2024-05-21T033012_triage_asset\C\Windows\prefetch\SETUP.EXE-2E3AFC99.pf"
"7fcb972d7d4208a4d232d1405a5d620c","28bea512fbdf3babbb5a4b724aef271ed3a2db8b","C\C:\Users\User\Desktop\campfire-1\Triage\Workstation\2024-05-21T033012_triage_asset\C\Windows\prefetch\SETUP.EXE-43CF0111.pf"
"09c33e4dbd43a1fe72bb994339d16007","31b9eff228280a46070f3a0d4c6491f3c93ff809","C\C:\Users\User\Desktop\campfire-1\Triage\Workstation\2024-05-21T033012_triage_asset\C\Windows\prefetch\SETUP.EXE-76C18A3B.pf"
"dfd450b02ac7537eeadb14449745f027","17cdeb7332e2de2937cccaa0151ebd85ef105da4","C\C:\Users\User\Desktop\campfire-1\Triage\Workstation\2024-05-21T033012_triage_asset\C\Windows\prefetch\SETUP.EXE-77DD8DC0.pf"
"0b4979c41bf0b5e3072b57addaf79748","b314849ed04f629d17a3b4f317faff1ad4268eac","C\C:\Users\User\Desktop\campfire-1\Triage\Workstation\2024-05-21T033012_triage_asset\C\Windows\prefetch\SETUP64.EXE-6C6157AB.pf"
"092f8957cd0aefc52e234ef9cd6ac21a","8de2be67938f097cd6870a1e8c0ac54c9d2468b8","C\C:\Users\User\Desktop\campfire-1\Triage\Workstation\2024-05-21T033012_triage_asset\C\Windows\prefetch\SGRMBROKER.EXE-32481FEB.pf"
"6e7b92073039c0a5d8d88687b3540766","0a9227d97c33d479e7bee223c879f78890ab78d6","C\C:\Users\User\Desktop\campfire-1\Triage\Workstation\2024-05-21T033012_triage_asset\C\Windows\prefetch\SHELLEXPERIENCEHOST.EXE-655318BF.pf"
"47662b316798bd45571efb68e31568ac","cace6a43867b83cfd335c686c178adc78552dc6e","C\C:\Users\User\Desktop\campfire-1\Triage\Workstation\2024-05-21T033012_triage_asset\C\Windows\prefetch\SHELLEXPERIENCEHOST.EXE-B3EF1F80.pf"
"42484022c6298db9a81a0e7c2259df0e","01e434c808b0facd06a758dcce5b06094bfc89b5","C\C:\Users\User\Desktop\campfire-1\Triage\Workstation\2024-05-21T033012_triage_asset\C\Windows\prefetch\SIHCLIENT.EXE-98C47F6C.pf"
"f91516d40c70042dadbd60956622d3f5","51a8b26aae61778ae9175f77379185f37f7537e4","C\C:\Users\User\Desktop\campfire-1\Triage\Workstation\2024-05-21T033012_triage_asset\C\Windows\prefetch\SIHOST.EXE-115B507F.pf"
"3a605328a46dd1cf12148a5e4162de37","6c069648025f9f068b0f9f68a01f1ddda0f8265a","C\C:\Users\User\Desktop\campfire-1\Triage\Workstation\2024-05-21T033012_triage_asset\C\Windows\prefetch\SMARTSCREEN.EXE-EACC1250.pf"
"659a0aa1b10cf59e3669d291a8005947","91154aa09f71d68242b6e420df510d7cacfdf3ac","C\C:\Users\User\Desktop\campfire-1\Triage\Workstation\2024-05-21T033012_triage_asset\C\Windows\prefetch\SPPEXTCOMOBJ.EXE-7D45A1AB.pf"
"7bc22cee609230e59bcd0e76abb83b49","e37c8815e3ba063bdb876b1889fb3d8a64faaabc","C\C:\Users\User\Desktop\campfire-1\Triage\Workstation\2024-05-21T033012_triage_asset\C\Windows\prefetch\SPPSVC.EXE-96070FE0.pf"
"2d167c84843574ffb752eed4f73931b9","e32efa57f7b559c5fc0e4c8619ff7041637e4718","C\C:\Users\User\Desktop\campfire-1\Triage\Workstation\2024-05-21T033012_triage_asset\C\Windows\prefetch\STARTMENUEXPERIENCEHOST.EXE-DC9B8E9D.pf"
"71908962254e9413380c224bc2a2ab3f","5e4cc3456e43a1e2c1a658026a382182afc6420f","C\C:\Users\User\Desktop\campfire-1\Triage\Workstation\2024-05-21T033012_triage_asset\C\Windows\prefetch\STARTMENUEXPERIENCEHOST.EXE-DF593AF9.pf"
"1ae3fad4d34d3d884c99a127a443d403","c9ef0709bab7918719e29ea95689a1c9a0731437","C\C:\Users\User\Desktop\campfire-1\Triage\Workstation\2024-05-21T033012_triage_asset\C\Windows\prefetch\SVCHOST.EXE-09F4AEA4.pf"
"c0b0ab026afcdef988a830c733ca5735","bf33d2dc82dc553a3ab122371d53e05a3b2c6a4f","C\C:\Users\User\Desktop\campfire-1\Triage\Workstation\2024-05-21T033012_triage_asset\C\Windows\prefetch\SVCHOST.EXE-117C4441.pf"
"b748665171be8d59b40b389742ec285d","af0efaca14cb62d87cbe1f224c087bdf414fb90b","C\C:\Users\User\Desktop\campfire-1\Triage\Workstation\2024-05-21T033012_triage_asset\C\Windows\prefetch\SVCHOST.EXE-19B557B1.pf"
"48cecd880504af988ab922c4a402e32b","ccbf36f455b8a865bfa83151d6177f26441123a1","C\C:\Users\User\Desktop\campfire-1\Triage\Workstation\2024-05-21T033012_triage_asset\C\Windows\prefetch\SVCHOST.EXE-262B838E.pf"
"d0abb8ab2f006237138413168885b323","45bd9d140d23f9ff90d6c512a033ac3c8373fecd","C\C:\Users\User\Desktop\campfire-1\Triage\Workstation\2024-05-21T033012_triage_asset\C\Windows\prefetch\SVCHOST.EXE-2F9E5F3D.pf"
"d84ea1835126b0318370572e4942a68f","807e49205609b38b621060a5587dadc0780737f8","C\C:\Users\User\Desktop\campfire-1\Triage\Workstation\2024-05-21T033012_triage_asset\C\Windows\prefetch\SVCHOST.EXE-3D60499C.pf"
"ef911a9ce0cbe2541079d5c874a46413","d4b6bd9f12f2bb25fe0255c01d3e336884d71632","C\C:\Users\User\Desktop\campfire-1\Triage\Workstation\2024-05-21T033012_triage_asset\C\Windows\prefetch\SVCHOST.EXE-44C0CDF7.pf"
"f7ba6d98226be78fa7e4249a25ed76ea","d5c94a62a85482ece11665ca9c5285235ace0280","C\C:\Users\User\Desktop\campfire-1\Triage\Workstation\2024-05-21T033012_triage_asset\C\Windows\prefetch\SVCHOST.EXE-4B98D760.pf"
"98d2d0018f654910da8b48d96d7e6a0e","f4f567f1db54c90007c832ba8e829ebda5ecd5c7","C\C:\Users\User\Desktop\campfire-1\Triage\Workstation\2024-05-21T033012_triage_asset\C\Windows\prefetch\SVCHOST.EXE-4BD0A607.pf"
"d52cf049bc23892f4781ad5960e9f6b5","8127fdfbf75719deb08d9650b97b22340df4ab17","C\C:\Users\User\Desktop\campfire-1\Triage\Workstation\2024-05-21T033012_triage_asset\C\Windows\prefetch\SVCHOST.EXE-59780EBF.pf"
"cd077bbf2d15034d48b8c1689c1d65f8","7b37ac0f9dbdeb5a658e4b00574c8a98690452c3","C\C:\Users\User\Desktop\campfire-1\Triage\Workstation\2024-05-21T033012_triage_asset\C\Windows\prefetch\SVCHOST.EXE-59D511F9.pf"
"5eb1cbd4f4a85dd09c18ab222eea6075","a9053dbf869656b86227cd944f58f46c7244d144","C\C:\Users\User\Desktop\campfire-1\Triage\Workstation\2024-05-21T033012_triage_asset\C\Windows\prefetch\SVCHOST.EXE-6493017E.pf"
"65905fb537c0e7e8d42a87ecf1beeb70","ec34881caaee76b71416445ad50acbdf3115041a","C\C:\Users\User\Desktop\campfire-1\Triage\Workstation\2024-05-21T033012_triage_asset\C\Windows\prefetch\SVCHOST.EXE-6867B1E5.pf"
"0c463b5892cbd00ee817eef6e3d85964","e08d2a56513c3585f74241794aeac0be9681c3ef","C\C:\Users\User\Desktop\campfire-1\Triage\Workstation\2024-05-21T033012_triage_asset\C\Windows\prefetch\SVCHOST.EXE-6A4A44E7.pf"
"f2a9044766761c6154d85fb6dca10314","0d4ae74209ae24820a0aba3f7a68d75596b17f91","C\C:\Users\User\Desktop\campfire-1\Triage\Workstation\2024-05-21T033012_triage_asset\C\Windows\prefetch\SVCHOST.EXE-73D024B2.pf"
"07c3591f8200bf8197ae84c4372fcb0d","97b88d056dd01bea56c16b315d5014809601daa2","C\C:\Users\User\Desktop\campfire-1\Triage\Workstation\2024-05-21T033012_triage_asset\C\Windows\prefetch\SVCHOST.EXE-764FA25C.pf"
"33f1d5dce56fe75e1f12a9b83a76b07d","365c3e9d90ec4d05a6e073dcbfdfd7fc7490a8a1","C\C:\Users\User\Desktop\campfire-1\Triage\Workstation\2024-05-21T033012_triage_asset\C\Windows\prefetch\SVCHOST.EXE-77C41F85.pf"
"6827d9920aa3ac6dd7fde23d00b5d234","9886086f4ef13d6ac1bae7f0391a01071812c6d9","C\C:\Users\User\Desktop\campfire-1\Triage\Workstation\2024-05-21T033012_triage_asset\C\Windows\prefetch\SVCHOST.EXE-7AAD9645.pf"
"1255dd4cb20cb0fce7976169a7ae01f1","74be7b6ced3f963ef1c71925cfa7f8551e35c3c3","C\C:\Users\User\Desktop\campfire-1\Triage\Workstation\2024-05-21T033012_triage_asset\C\Windows\prefetch\SVCHOST.EXE-852EC587.pf"
"6861f34857120650d813dc8ca991d9a9","0dc99b475cf16e27435a97df08185b7c0420a511","C\C:\Users\User\Desktop\campfire-1\Triage\Workstation\2024-05-21T033012_triage_asset\C\Windows\prefetch\SVCHOST.EXE-8F09AACB.pf"
"44dd130c5c5e38b260721f2a8fd5ff96","af87c04f77a282eb2c4d159af04bc2b2cca5fb85","C\C:\Users\User\Desktop\campfire-1\Triage\Workstation\2024-05-21T033012_triage_asset\C\Windows\prefetch\SVCHOST.EXE-952637C2.pf"
"3d595e31e3838bda5f0498894126e67e","3162c1f3eefe849bc884fabb1c32503d456a330a","C\C:\Users\User\Desktop\campfire-1\Triage\Workstation\2024-05-21T033012_triage_asset\C\Windows\prefetch\SVCHOST.EXE-9A28EB78.pf"
"1b60be1c0527255ef92dbf44ece975da","bd707f6784c9cb609c2b270cd5cf288f1ca5f35f","C\C:\Users\User\Desktop\campfire-1\Triage\Workstation\2024-05-21T033012_triage_asset\C\Windows\prefetch\SVCHOST.EXE-9D041ABC.pf"
"7070d9f9978a8905a27bb63d3d499b9f","3ad0a79ccbf4eb0b80001d7088976eaf59fa0470","C\C:\Users\User\Desktop\campfire-1\Triage\Workstation\2024-05-21T033012_triage_asset\C\Windows\prefetch\SVCHOST.EXE-A79A44A2.pf"
"e9e971226189dbdaca92040bc8d825fc","8b924203636e0860631db3e2846e3ab9e3ef14ac","C\C:\Users\User\Desktop\campfire-1\Triage\Workstation\2024-05-21T033012_triage_asset\C\Windows\prefetch\SVCHOST.EXE-B18C213B.pf"
"286544c3eb2304b0c23405db4425a871","9ed74ded12b4814bfb72e4fb531548e680ecb39f","C\C:\Users\User\Desktop\campfire-1\Triage\Workstation\2024-05-21T033012_triage_asset\C\Windows\prefetch\SVCHOST.EXE-B6F285B2.pf"
"a9ecd4c7dc487ca4f138fddf31082bd8","1628dea31c1cd828873f5bd7f7d0b78c75e1453e","C\C:\Users\User\Desktop\campfire-1\Triage\Workstation\2024-05-21T033012_triage_asset\C\Windows\prefetch\SVCHOST.EXE-C25BD44A.pf"
"9cc77f233b8a7e177a47c8e75e79e852","f4950060f45d14e17b33c1799389303df2f94dd3","C\C:\Users\User\Desktop\campfire-1\Triage\Workstation\2024-05-21T033012_triage_asset\C\Windows\prefetch\SVCHOST.EXE-C2DA4F6F.pf"
"09f5d3e4eeabbcb9818641903681bf07","a059cc2cf0b7bf3ac30f6287378edc252a552d19","C\C:\Users\User\Desktop\campfire-1\Triage\Workstation\2024-05-21T033012_triage_asset\C\Windows\prefetch\SVCHOST.EXE-C35F28CB.pf"
"d3c69cbc9ee01424436cb3c6adf60d33","a79c630184cf6e8dd6d29ce9551e056371bfac5c","C\C:\Users\User\Desktop\campfire-1\Triage\Workstation\2024-05-21T033012_triage_asset\C\Windows\prefetch\SVCHOST.EXE-C38EF8DD.pf"
"f8719edf9dda85a177fa0bc9e253727f","2bc26a7a17f7730c1a5a610fcfc648b23dfea294","C\C:\Users\User\Desktop\campfire-1\Triage\Workstation\2024-05-21T033012_triage_asset\C\Windows\prefetch\SVCHOST.EXE-C4B64CAF.pf"
"817416c6a5e333d1f8c8f2eae372ace4","ffeb4c6a9af01c5d4c7a47d98bb8e02a21b0f91f","C\C:\Users\User\Desktop\campfire-1\Triage\Workstation\2024-05-21T033012_triage_asset\C\Windows\prefetch\SVCHOST.EXE-C625B657.pf"
"9ae65141bef06edaa4b18cfd6f88595c","a2661fc33f1f23aa79d4b371bf6a347f41cb8f4a","C\C:\Users\User\Desktop\campfire-1\Triage\Workstation\2024-05-21T033012_triage_asset\C\Windows\prefetch\SVCHOST.EXE-D4A56B1A.pf"
"57982edb852d8470419e26273fd9281a","6eb404f6d6181a628c0fa32876b6e40363c98bed","C\C:\Users\User\Desktop\campfire-1\Triage\Workstation\2024-05-21T033012_triage_asset\C\Windows\prefetch\SVCHOST.EXE-D8C907E1.pf"
"191ba94a2f6dcce7c213cb2824205431","66cda4490cc38161bd9861292121e6d6104081f6","C\C:\Users\User\Desktop\campfire-1\Triage\Workstation\2024-05-21T033012_triage_asset\C\Windows\prefetch\SVCHOST.EXE-D9CC15E0.pf"
"797a8010f414fc75ad113d236750be47","5695eb1fc13d82fa2259a53a342f141e2414dc0b","C\C:\Users\User\Desktop\campfire-1\Triage\Workstation\2024-05-21T033012_triage_asset\C\Windows\prefetch\SVCHOST.EXE-DDF1360E.pf"
"ab2aef1fac5aa226857a6d0966fe1660","878cd5b7eedf380aadc81b1e674ea8776411580a","C\C:\Users\User\Desktop\campfire-1\Triage\Workstation\2024-05-21T033012_triage_asset\C\Windows\prefetch\SVCHOST.EXE-EBBF67E6.pf"
"23b704d945b4c7b400febe49219ff4a3","dc5c06e75a09722c2a88945b9db7ecce0475646a","C\C:\Users\User\Desktop\campfire-1\Triage\Workstation\2024-05-21T033012_triage_asset\C\Windows\prefetch\SVCHOST.EXE-F5E1DCD3.pf"
"fb9fa6c292d98a7822a4d716ca37092f","c1b1574f86726c24c172876f28370cf342fc86a2","C\C:\Users\User\Desktop\campfire-1\Triage\Workstation\2024-05-21T033012_triage_asset\C\Windows\prefetch\SVCHOST.EXE-F952D9A9.pf"
"166108f85a669dfc1a2f69777be2b60a","9bc5217361f1e3017528d6bb27b610c3b589ce3e","C\C:\Users\User\Desktop\campfire-1\Triage\Workstation\2024-05-21T033012_triage_asset\C\Windows\prefetch\SYSTEMPROPERTIESADVANCED.EXE-27792BE5.pf"
"e4c991439c7f372f9fb633d572325d13","557c7cbb42855f538e8e1f305275dae1e0617c1b","C\C:\Users\User\Desktop\campfire-1\Triage\Workstation\2024-05-21T033012_triage_asset\C\Windows\prefetch\SYSTEMPROPERTIESCOMPUTERNAME.-449B662F.pf"
"f34937ceb16d6def0f3dd62c54fc956d","93e0c54a1c923087c1e1d89ad1a57d5d2c7aa302","C\C:\Users\User\Desktop\campfire-1\Triage\Workstation\2024-05-21T033012_triage_asset\C\Windows\prefetch\SYSTEMSETTINGS.EXE-BE0858C5.pf"
"de7033596934d5c863db535cfa4648fe","01a24bff293bb9d3695ff5d0e76d96af6d225661","C\C:\Users\User\Desktop\campfire-1\Triage\Workstation\2024-05-21T033012_triage_asset\C\Windows\prefetch\SYSTEMSETTINGSADMINFLOWS.EXE-F74198E7.pf"
"df899ea4ef0a6cd3fae7dc04c2fd61fe","12c7a291a71bf438ae04955283e437c2ad4d1491","C\C:\Users\User\Desktop\campfire-1\Triage\Workstation\2024-05-21T033012_triage_asset\C\Windows\prefetch\TASKHOSTW.EXE-2E5D4B75.pf"
"80bf509ca11ed3f470a7efaa1cc243f5","49977a80f280604adb0f098d3dc1b284ff9b81a5","C\C:\Users\User\Desktop\campfire-1\Triage\Workstation\2024-05-21T033012_triage_asset\C\Windows\prefetch\TASKKILL.EXE-BE180FC8.pf"
"055b68d1ee4570eb30a82ea3fcc9f41a","5dfbb446a58e436993b6e2cc6aad60f3f3cf04aa","C\C:\Users\User\Desktop\campfire-1\Triage\Workstation\2024-05-21T033012_triage_asset\C\Windows\prefetch\TASKMGR.EXE-4C8500BA.pf"
"b32bb96c3c5f8f595c015be2cac42c3f","0399a53ee55a5ae0594933c99ac5031a3a01ee50","C\C:\Users\User\Desktop\campfire-1\Triage\Workstation\2024-05-21T033012_triage_asset\C\Windows\prefetch\TEAMS.EXE-738C39C6.pf"
"d85c97e6ee9730f33b8321f1af56ec3c","9532fcd25e9efd64ee7fa1351416bac713a8b1e4","C\C:\Users\User\Desktop\campfire-1\Triage\Workstation\2024-05-21T033012_triage_asset\C\Windows\prefetch\TEXTINPUTHOST.EXE-B983F932.pf"
"8c274ed06c440f1e7e4a67a948ab3836","1654a48ec77f855879fdc6f8f84fbc58173f92cc","C\C:\Users\User\Desktop\campfire-1\Triage\Workstation\2024-05-21T033012_triage_asset\C\Windows\prefetch\TEXTINPUTHOST.EXE-BA8181DE.pf"
"e9400d865efb52cb275edd7ef228ba23","9395a15aa0a33444b0afe5a71e5d30fbb5a123a3","C\C:\Users\User\Desktop\campfire-1\Triage\Workstation\2024-05-21T033012_triage_asset\C\Windows\prefetch\TEXTINPUTHOST.EXE-CAB6150D.pf"
"cea72968905175642cae25f027ea9eba","a417083d717cf6a3cde29e14638280a4dc72b180","C\C:\Users\User\Desktop\campfire-1\Triage\Workstation\2024-05-21T033012_triage_asset\C\Windows\prefetch\TEXTINPUTHOST.EXE-D143C5BE.pf"
"61bb849229d547d65704669ff374c868","930a42902f951fc256fc82691be15e93e6c228fe","C\C:\Users\User\Desktop\campfire-1\Triage\Workstation\2024-05-21T033012_triage_asset\C\Windows\prefetch\TIWORKER.EXE-FBD79BD6.pf"
"7f269d4d34b867728cbce610080f2599","303792bab9feae9860539b53995138ebda20ef90","C\C:\Users\User\Desktop\campfire-1\Triage\Workstation\2024-05-21T033012_triage_asset\C\Windows\prefetch\TRUSTEDINSTALLER.EXE-766EFF52.pf"
"f91fdd794cb467ce656fa7e50afc58bf","8442575f32dd82ce87de94ce779459db2b9168e8","C\C:\Users\User\Desktop\campfire-1\Triage\Workstation\2024-05-21T033012_triage_asset\C\Windows\prefetch\UNINSTALL.EXE-73AE4314.pf"
"142b6c521a47ad87f386f588a4cf9926","3abca37c4ab62b48aa252e51b0cb52279af4361f","C\C:\Users\User\Desktop\campfire-1\Triage\Workstation\2024-05-21T033012_triage_asset\C\Windows\prefetch\USEROOBEBROKER.EXE-65584ADF.pf"
"6ff512f0f20f383fc82f1c066791c619","3db437e99e83815af2356251c39b1ce11332b66a","C\C:\Users\User\Desktop\campfire-1\Triage\Workstation\2024-05-21T033012_triage_asset\C\Windows\prefetch\VCREDIST_X64.EXE-D5DBE3C6.pf"
"bdf55a119ed74f49b2c31d87a34b75d0","cb7f5a528b0628e448dab3d500ef1cb402801b04","C\C:\Users\User\Desktop\campfire-1\Triage\Workstation\2024-05-21T033012_triage_asset\C\Windows\prefetch\VCREDIST_X86.EXE-A6BFCA90.pf"
"3f53962bdebb894ae1df03b24aab0746","56e0a9943c6738499b8166cf81d6b4e8cd4d77d7","C\C:\Users\User\Desktop\campfire-1\Triage\Workstation\2024-05-21T033012_triage_asset\C\Windows\prefetch\VC_REDIST.X64.EXE-2F3BF276.pf"
"f87033d29632b4c7f27ad0a2b624739e","2b765419a145981544a6c2bd3e73c67f543a3df8","C\C:\Users\User\Desktop\campfire-1\Triage\Workstation\2024-05-21T033012_triage_asset\C\Windows\prefetch\VC_REDIST.X86.EXE-5177144C.pf"
"214530fcdef585d695a9b1248b3b716e","7a56acdea85fdb92f0737b692b299604489417bd","C\C:\Users\User\Desktop\campfire-1\Triage\Workstation\2024-05-21T033012_triage_asset\C\Windows\prefetch\VMTOOLSD.EXE-90328040.pf"
"26c39186472dc88d8fdea9c23583d44e","882dfcbc2a9e75976c2d2d81becb9da30e0e7103","C\C:\Users\User\Desktop\campfire-1\Triage\Workstation\2024-05-21T033012_triage_asset\C\Windows\prefetch\VSSVC.EXE-6C8F0C66.pf"
"18211089c74cef453a1ac9fd8c40eef4","9b4afc1c6e2e269e4e34fe6883fc30de486610bd","C\C:\Users\User\Desktop\campfire-1\Triage\Workstation\2024-05-21T033012_triage_asset\C\Windows\prefetch\WERFAULT.EXE-155C56CF.pf"
"243f33510be500c70a0b897c6b66048b","087d1bb94a4fca8a488afb5fdbae36c2a71367a8","C\C:\Users\User\Desktop\campfire-1\Triage\Workstation\2024-05-21T033012_triage_asset\C\Windows\prefetch\WERMGR.EXE-F439C551.pf"
"72b08b72b5fd8e848e36e05dff6e9b72","e504494e489c5991f4b72daea1fb563082e41e06","C\C:\Users\User\Desktop\campfire-1\Triage\Workstation\2024-05-21T033012_triage_asset\C\Windows\prefetch\WEVTUTIL.EXE-1E154F39.pf"
"0d6b4f195a0a9de15e29e6202df517d9","d37e4588e7f15a5a99458fadf2d722c5deace810","C\C:\Users\User\Desktop\campfire-1\Triage\Workstation\2024-05-21T033012_triage_asset\C\Windows\prefetch\WINRAR-X64-621.EXE-C833BA3D.pf"
"ef3aa8f9d0ca76b81d6ff8a95368d367","e021a7abbc32b602f53c0b4bd72478d3d4e4e7f7","C\C:\Users\User\Desktop\campfire-1\Triage\Workstation\2024-05-21T033012_triage_asset\C\Windows\prefetch\WINRAR.EXE-BA8CDB31.pf"
"1188780f917b4ef0c068746a874138bf","551e92eab979299cd2e7a293dbc360c9424ab086","C\C:\Users\User\Desktop\campfire-1\Triage\Workstation\2024-05-21T033012_triage_asset\C\Windows\prefetch\WINSAT.EXE-C345C80B.pf"
"552fcae8e51d3ce94c68ee45c619c245","00a38d07ab0ddd3362cd395be556da0a6ee88b80","C\C:\Users\User\Desktop\campfire-1\Triage\Workstation\2024-05-21T033012_triage_asset\C\Windows\prefetch\WINWORD.EXE-AB6EC2FA.pf"
"9f61ffad0a21b725e05cddf58c59342c","292b675ac8969398df2197375b526af4f03c9944","C\C:\Users\User\Desktop\campfire-1\Triage\Workstation\2024-05-21T033012_triage_asset\C\Windows\prefetch\WLRMDR.EXE-A7C36FDD.pf"
"c1759f1799ae86b6a04b9b707abaa5b1","ca08d82d319dd2b3975dc5bb77ce24c10e18f0c8","C\C:\Users\User\Desktop\campfire-1\Triage\Workstation\2024-05-21T033012_triage_asset\C\Windows\prefetch\WMIADAP.EXE-BB21CD77.pf"
"37df733df291df761ae7792c374a153f","173edae2f4fc368b9823a1d4bd8864a546db80b4","C\C:\Users\User\Desktop\campfire-1\Triage\Workstation\2024-05-21T033012_triage_asset\C\Windows\prefetch\WMIPRVSE.EXE-E8B8DD29.pf"
"5228e1793384783187aa1460115aa00a","1800efc985168a3c0bd485ecece21deae3f8770c","C\C:\Users\User\Desktop\campfire-1\Triage\Workstation\2024-05-21T033012_triage_asset\C\Windows\prefetch\WUAUCLT.EXE-5D573F0E.pf"
"97eba2bbff867aaca0208e0a079101f6","dd4dc6186ce303eac3ef0589bf6dfddbe0baece4","C\C:\Users\User\Desktop\campfire-1\Triage\Workstation\2024-05-21T033012_triage_asset\C\Windows\prefetch\WWAHOST.EXE-2CFA09D4.pf"
